{"loss": [1.4462298154830933, 0.4015636444091797, 0.29698410630226135, 0.22428688406944275, 0.21072319149971008, 0.18778802454471588, 0.1707981377840042, 0.16270959377288818, 0.1475067287683487, 0.15580213069915771], "accuracy": [0.6523792743682861, 0.8741304278373718, 0.9055551886558533, 0.9306351542472839, 0.9368802905082703, 0.9474784731864929, 0.9524290561676025, 0.9558574557304382, 0.961604654788971, 0.9599260091781616], "val_loss": [0.5657342672348022, 0.4046856164932251, 0.5729321837425232, 0.5047260522842407, 0.5797924399375916, 0.6824702024459839, 0.6893250346183777, 0.7006577253341675, 0.80478435754776, 0.9417462348937988], "val_accuracy": [0.8295014500617981, 0.8851581811904907, 0.8433303236961365, 0.8768495321273804, 0.870589554309845, 0.8576143980026245, 0.8685977458953857, 0.8773617148399353, 0.8790689706802368, 0.8728659152984619]}